DSB repair/PC/,DSB repair/PCW/,DSB repair/NC/,DSB repair/NCW/,DSB repair/PA/,DSB repair/PAW/,DSB repair/NA/,DSB repair/NAW/,APOBEC-C/PC/,APOBEC-C/PCW/,APOBEC-C/NC/,APOBEC-C/NCW/,APOBEC-C/PA/,APOBEC-C/PAW/,APOBEC-C/NA/,APOBEC-C/NAW/,SBS1/PC/,SBS1/PCW/,SBS1/NC/,SBS1/NCW/,SBS1/PA/,SBS1/PAW/,SBS1/NA/,SBS1/NAW/,APOBEC-D/PC/,APOBEC-D/PCW/,APOBEC-D/NC/,APOBEC-D/NCW/,APOBEC-D/PA/,APOBEC-D/PAW/,APOBEC-D/NA/,APOBEC-D/NAW/,SBS5/PC/,SBS5/PCW/,SBS5/NC/,SBS5/NCW/,SBS5/PA/,SBS5/PAW/,SBS5/NA/,SBS5/NAW/,SBS8/PC/,SBS8/PCW/,SBS8/NC/,SBS8/NCW/,SBS8/PA/,SBS8/PAW/,SBS8/NA/,SBS8/NAW/,SBS8/PC/,SBS8/PCW/,SBS8/NC/,SBS8/NCW/,HRD status/PA/,HRD status/PAW/,HRD status/NA/,HRD status/NAW/
HRD status,0.260797111,TRIM34,-0.118822598,APOBEC,0.160712328,TDRD9,-0.036343055,DSB repair,0.160712328,SBS1,-0.078975253,APOBEC-D,0.416498638,SBS1,-0.059414852,IFITM3,0.151927461,BST2,-0.089215735,RASGRP4,0.047821073,APOBEC,-0.078975253,APOBEC,0.416498638,IL2RB,-0.097371116,ADAMTS13,0.024788771,BATF2,-0.018856458,MCM2,0.11135414,FARP2,-0.098846017,JAG2,0.038548459,FARP2,-0.03603063,IFITM2,0.109703612,CCR8,-0.211373651,EEPD1,0.014920543,SOX6,-0.021345055,IFITM2,0.109703612,CCR8,-0.211373651,DSB repair,0.260797111,FKBP6,-0.058958433
APOBEC3B,0.068674846,PKIB,-0.043033199,SLC16A1,0.026268262,CD151,-0.027188409,IL7,0.081689104,WDR78,-0.053483649,CLNK,0.050703724,MAP3K4,-0.015991607,RASGRP4,0.097208074,APOBEC,-0.059414852,IFITM3,0.046987143,GRB14,-0.039961432,APBB1,0.073471132,GAB2,-0.076077204,DCLRE1C,0.024700271,CEACAM1,-0.017369185,MITF,0.087852295,FRK,-0.06916923,MITF,0.032436911,FRK,-0.035349786,POLM,0.059549095,TXK,-0.101107408,SOD1,0.013303413,DYNC2H1,-0.016138934,POLM,0.059549095,TXK,-0.101107408,MAD1L1,0.041623697,APOBEC-D,-0.021907466
SLC16A1,0.044414377,TDRD9,-0.042269623,OGG1,0.024601282,HEMK1,-0.023098018,STYK1,0.055634968,CDKN1C,-0.045166505,SBS5,0.029866965,REL,-0.015800229,DAB2IP,0.037411536,STON2,-0.055598266,TEX11,0.031514626,CBS,-0.035567187,BMX,0.049237023,REXO4,-0.043253773,TWIST1,0.024597697,TRIM28,-0.016745599,MAPKAPK2,0.07955851,SLA2,-0.053813662,APOBEC3H,0.029578631,CBX8,-0.027625728,DAPK2,0.03949462,MAPKAPK3,-0.084874397,RAB6A,0.011557817,CHUK,-0.013934268,DAPK2,0.03949462,MAPKAPK3,-0.084874397,EME1,0.025166414,FCGR3B,-0.019119091
GPR97,0.038728777,CXCL14,-0.036215025,FANCI,0.021922002,WDR78,-0.02126134,PIK3R2,0.042759578,CCR6,-0.044607816,PGM3,0.024543636,ANKLE1,-0.015551228,FOXL1,0.025795247,GZMH,-0.055116198,TLR5,0.028621504,P2RX7,-0.029896091,C17orf66,0.004351404,HRD status,-0.021907466,KIF22,0.013291213,CTPS,-0.015928587,APOBEC,0.029866965,IL1A,-0.046097314,APOBEC,0.026783526,TNFRSF10A,-0.019122499,TPO,0.00963506,NHP2,-0.049113111,ADM,0.010764288,XPC,-0.012770385,TPO,0.00963506,NHP2,-0.049113111,ZSWIM7,0.024549552,CAMK2B,-0.017486423
EPHB3,0.036413157,PLA2G2D,-0.027719215,FOXM1,0.020657482,UIMC1,-0.018067994,CLNK,0.03813178,STAR,-0.032917795,IL7,0.022377341,NSMCE4A,-0.014693844,POLM,0.013824644,RNF125,-0.049673456,ARIH2,0.022735366,CD40,-0.027278045,,,,,C17orf66,0.013077289,PODXL,-0.014760798,CXADR,0.017803692,SLC7A11,-0.044902663,CCT2,0.019378537,AMICA1,-0.018585991,,,MOV10L1,-0.046821119,FARP2,0.01013923,C1S,-0.01256727,,,MOV10L1,-0.046821119,TFRC,0.021324124,ZRANB3,-0.016676554
FZD5,0.0239702,BRCA1,-0.015960192,SEC13,0.020056368,IL10RB,-0.017827603,IL1RL2,0.035996104,PAK1,-0.027921005,SLC25A38,0.016241597,NOTCH2,-0.01213592,,,ZNF175,-0.047599192,CREBBP,0.022146093,STON2,-0.025178451,,,,,SLC16A1,0.012297097,GATAD2A,-0.01300574,ISG15,0.008779032,TAZ,-0.037609379,THBS1,0.018198421,RAB27A,-0.018561272,,,EDN1,-0.040921078,SFRP2,0.00953741,BTN3A2,-0.012256537,,,EDN1,-0.040921078,PXDN,0.018684573,SRPK2,-0.014647595
PDGFB,0.020485469,,,CSNK1E,0.018738337,POLR2L,-0.014927757,SBS5,0.026783526,OSM,-0.003285174,APOBEC3D,0.015016397,GTF2H5,-0.010058611,,,RAB34,-0.039024916,PREX1,0.021746784,MYO1C,-0.023633576,,,,,PRMT7,0.012290961,NBN,-0.012245401,,,FOXJ1,-0.0331358,MCM3AP,0.017682902,EMP2,-0.018470633,,,,,KIF3C,0.009397203,ERCC8,-0.012039839,,,,,NCKIPSD,0.016922142,POLR3C,-0.014477976
RASGRP1,0.019621995,,,PSMA7,0.018245457,HFE,-0.0139282,FCN3,0.024586295,LTF,-0.002970627,IL18R1,0.014456461,KIF2C,-0.009404545,,,GREM1,-0.037314597,MYC,0.020132316,DCLRE1C,-0.021894507,,,,,STXBP2,0.012157164,PKIB,-0.012172645,,,EFNB2,-0.02985325,SEC14L1,0.014557732,IGBP1,-0.018461857,,,,,SUPT6H,0.009144137,LCP1,-0.011886746,,,,,PIK3CA,0.016901569,CDK7,-0.013635354
CD207,0.000348438,,,CSK,0.016410257,MR1,-0.01285336,ST20,0.014025855,MATK,-0.001462362,RTEL1,0.014044498,ELMOD2,-0.009081696,,,TNF,-0.027052023,EPAS1,0.019909197,ERCC6,-0.020659288,,,,,IL4R,0.011929265,MAPK1,-0.01203364,,,ADARB1,-0.018261429,RFC3,0.014428703,JAK2,-0.018416078,,,,,MAPK3,0.00889273,IDO1,-0.011586858,,,,,XBP1,0.016834639,AP2A2,-0.013520368
,,,,SH3PXD2A,0.01459104,PSMD13,-0.012609776,CD7,0.001829189,,,AP1M1,0.011615807,CFI,-0.007977316,,,OGG1,-0.016237961,ITGB3,0.019358527,IMPDH1,-0.020184422,,,,,JAK1,0.011033157,SLC11A2,-0.011555549,,,MAP2K7,-0.009733158,UCHL5,0.014413586,MBP,-0.015350173,,,,,PPARG,0.008738782,AMICA1,-0.011240759,,,,,ACTL6A,0.015309955,MERTK,-0.01102312
,,,,RAD18,0.011312675,IKBKB,-0.011929995,,,,,LILRB2,0.011109937,SEC24B,-0.007904079,,,AZGP1,-0.001022313,RC3H2,0.017351354,JAM2,-0.015288541,,,,,LILRA1,0.010860501,EHMT1,-0.011512495,,,,,RACGAP1,0.014124434,FYN,-0.014120353,,,,,KIN,0.008620149,RNF8,-0.011183242,,,,,HLA-DOB,0.015139129,NUDT15,-0.010762901
,,,,ATG7,0.010732461,RAD17,-0.011692573,,,,,FANCI,0.010342346,ZNF3,-0.006974546,,,,,EEPD1,0.015174119,MBD2,-0.014991183,,,,,ARHGEF2,0.010061905,USP1,-0.0114267,,,,,HSP90AB1,0.012459171,ID2,-0.013770631,,,,,HMGB2,0.00860209,SRPK1,-0.011094619,,,,,HFE,0.013722512,PPP3CA,-0.009663822
,,,,CEBPB,0.010483462,IL18,-0.010951156,,,,,HLA-DQA1,0.010214837,CHD7,-0.006959936,,,,,TCF7L2,0.014470976,CD8A,-0.012943454,,,,,ABI1,0.008969766,DYNC1H1,-0.010441464,,,,,LILRB4,0.011971535,BCCIP,-0.012248654,,,,,IRF2,0.00836716,PSMD6,-0.010838048,,,,,POLE3,0.013294027,CD151,-0.008905756
,,,,CTPS,0.010227537,KIF13B,-0.010709093,,,,,IL2RG,0.010177704,RUVBL1,-0.006468489,,,,,IMPDH2,0.014169019,EXOG,-0.011980256,,,,,FER,0.008718002,HSP90B1,-0.010295508,,,,,WDR7,0.0116055,PTPN6,-0.011842297,,,,,NUDT16L1,0.008203402,POLL,-0.010711822,,,,,NBEAL2,0.012822088,PTPRO,-0.008456983
,,,,LIMK1,0.010092167,BRCA1,-0.009798656,,,,,DAPK1,0.010124418,CHUK,-0.0048965,,,,,POLR2C,0.012248321,MSH6,-0.011888365,,,,,FH,0.008627403,GSK3A,-0.009937029,,,,,CNR2,0.011499044,FAM105B,-0.010822901,,,,,TMEM91,0.007974328,CCT7,-0.010380448,,,,,CTNNB1,0.012182743,LONP1,-0.007275613
,,,,RAD23A,0.009835362,POLI,-0.009368246,,,,,CCL19,0.009571485,CXCL16,-0.00483573,,,,,HSPD1,0.012038267,BMPR2,-0.011671743,,,,,DYNC2H1,0.008220009,DMAP1,-0.009863034,,,,,DUSP1,0.010639073,INO80B,-0.010651593,,,,,PNP,0.007611106,DBNL,-0.009946912,,,,,IL10RB,0.012063339,IPO7,-0.006488571
,,,,NR4A3,0.009795666,COPS3,-0.009162117,,,,,PDE4D,0.006901129,KIT,-0.004473442,,,,,UBE2V1,0.01161189,PIK3R1,-0.011119302,,,,,ARPC5,0.007815054,TATDN2,-0.009750549,,,,,SAR1B,0.01057028,POT1,-0.010600679,,,,,RAD51C,0.007465985,GTF2H2C,-0.009850271,,,,,GPI,0.011170975,TNK1,-0.00598207
,,,,MYD88,0.009271698,TROVE2,-0.008954694,,,,,ETS1,0.006712763,EPS8,-0.004392476,,,,,PSMD13,0.008541862,RTKN2,-0.010243038,,,,,GLO1,0.007724199,POLM,-0.009524603,,,,,UBE2V1,0.010244362,PTGER4,-0.009900068,,,,,XBP1,0.007346147,SLC30A9,-0.009845806,,,,,XPC,0.009383184,HRAS,-0.005665406
,,,,PSMB5,0.008847744,ZSWIM7,-0.008298761,,,,,FOXP3,0.0066823,STUB1,-0.004328541,,,,,ASH2L,0.007454,RAD18,-0.007797161,,,,,CDC42,0.007683464,TNKS1BP1,-0.009249813,,,,,JMY,0.009008391,CD274,-0.009887624,,,,,PSMC6,0.007304023,SFXN1,-0.0094897,,,,,IKZF3,0.009232746,GAB3,-0.005462599
,,,,EXOG,0.0088423,USP47,-0.008279643,,,,,PSME4,0.006123828,KAT5,-0.00334844,,,,,TWIST1,0.00684278,RPA2,-0.007659902,,,,,FBXW11,0.007502282,BAX,-0.008827763,,,,,DYNLL2,0.008631752,SETMAR,-0.009804106,,,,,SMC1A,0.007051604,PMS2,-0.00928793,,,,,AP2M1,0.008956006,VAV3,-0.005087823
,,,,TRIM28,0.008442219,TOLLIP,-0.008033846,,,,,FAM115C,0.005690024,CD151,-0.003232178,,,,,RFTN1,0.006535428,IL18BP,-0.007643228,,,,,RPA3,0.006967587,RFC1,-0.008825636,,,,,TIMELESS,0.008014631,TWSG1,-0.009478712,,,,,PAK2,0.006835041,MYO1C,-0.009209125,,,,,CCL5,0.008773023,PTEN,-0.004126547
,,,,PODXL,0.008374908,VTN,-0.007531412,,,,,IRF9,0.005631181,CEP164,-0.002455642,,,,,HSP90AB1,0.006467648,VAV2,-0.007033402,,,,,NSMCE1,0.006602567,GRHL2,-0.00878643,,,,,CD46,0.006958411,USP28,-0.009287608,,,,,CDCA5,0.006826003,CTPS,-0.009073627,,,,,RHOH,0.008112978,HLA-F,-0.004030965
,,,,TUBB,0.007723454,AP2A2,-0.00720604,,,,,NDRG1,0.005273537,BTRC,-0.002442876,,,,,WDR70,0.005648899,AP3D1,-0.007007089,,,,,RBPJ,0.0059859,TFIP11,-0.007949569,,,,,NBEAL2,0.00574192,POLR2L,-0.008891037,,,,,GEM,0.006491515,RNF138,-0.009051162,,,,,HLA-DPA1,0.007927622,RUVBL1,-0.003643593
,,,,ARMC6,0.006833453,MUS81,-0.007178881,,,,,MAFB,0.004860104,IL10RB,-0.001891541,,,,,EFCAB4B,0.005471541,RAB34,-0.006158489,,,,,CCL5,0.005958665,MALT1,-0.007940443,,,,,SMG7,0.005419175,RNF113A,-0.008502292,,,,,RFC1,0.006103228,GTF2H4,-0.009021416,,,,,LTB,0.007857378,RNF8,-0.003576903
,,,,ERI3,0.006719317,SWAP70,-0.007034435,,,,,NLRC5,0.004507942,POLL,-0.001579288,,,,,HNRNPA2B1,0.004775386,PIK3C3,-0.005673137,,,,,CYBA,0.005851389,TYRO3,-0.007864255,,,,,BACH1,0.004468355,TNFSF4,-0.008318182,,,,,KIF22,0.005861498,ERI1,-0.008941405,,,,,NSMCE2,0.006857319,MALT1,-0.00309003
,,,,ABCF3,0.006338848,FST,-0.006740241,,,,,HSP90AA1,0.004344237,SMC3,-0.001032083,,,,,ETV6,0.004550605,RECQL,-0.005260465,,,,,INO80D,0.005309484,FCER1G,-0.007664033,,,,,RUVBL1,0.003881223,POLR3H,-0.008044755,,,,,NFATC2,0.00565308,MBD3,-0.008892265,,,,,POLD4,0.006675031,POLR3K,-0.002987216
,,,,DDB1,0.006113838,NSMCE1,-0.00656459,,,,,PMS1,0.003703854,DNMT3B,-0.000503624,,,,,PRMT7,0.004507516,PSMD9,-0.005171104,,,,,DUSP1,0.00526951,POLR3H,-0.007645591,,,,,MAP4K2,0.003559823,PRMT6,-0.007708569,,,,,SKP1,0.005347121,SMG5,-0.008161075,,,,,RECQL5,0.006632503,PSMB8,-0.002550455
,,,,KLHL15,0.006074574,KRBA2,-0.006476947,,,,,SNX10,0.003532888,FZD7,-0.000438725,,,,,EXOSC9,0.003512431,CHRNB2,-0.004989508,,,,,RAD52,0.005125744,ATP6V0A2,-0.007625031,,,,,ATP6V0A2,0.00351243,MICA,-0.007686058,,,,,MAP2K2,0.00530985,EHMT2,-0.008111407,,,,,AEN,0.006435392,SEC24C,-0.002389573
,,,,NOP10,0.005839891,BECN1,-0.005168259,,,,,RAN,0.002843323,CD276,-0.000374648,,,,,C1orf38,0.003483061,OSBPL1A,-0.004830533,,,,,DHX9,0.005035773,JMJD6,-0.007541919,,,,,DNMT3B,0.003408517,XRCC5,-0.007465853,,,,,LRRC8A,0.005295751,8-Mar,-0.007658082,,,,,LSM14A,0.005444416,POLR2E,-0.00175734
,,,,MAPK14,0.005516465,TLR3,-0.004994816,,,,,PSMC4,0.002412057,,,,,,,GOLPH3,0.003304646,RAB27A,-0.00453578,,,,,AMICA1,0.004964952,MLL5,-0.00752031,,,,,ACTR2,0.003063794,ADAMTS13,-0.007217733,,,,,CTNNBL1,0.005267121,SEC13,-0.007627428,,,,,HIST1H2BF,0.005224811,TPO,-0.001040336
,,,,PSME2,0.004961356,RBBP8,-0.00461207,,,,,SEC23A,0.002147919,,,,,,,KIF26A,0.003292009,AZGP1,-0.003501075,,,,,RAB34,0.004711893,CTSH,-0.007039993,,,,,POLA1,0.002807574,GAS6,-0.00687786,,,,,CD276,0.005241825,RILP,-0.007548593,,,,,PPP5C,0.005209324,SNX27,-0.001000127
,,,,CDCA5,0.004942477,DCTN5,-0.003867067,,,,,PSMB4,0.001861095,,,,,,,THAP9,0.003167539,CHD1L,-0.003289849,,,,,ATP11C,0.004628806,EDN1,-0.00696199,,,,,SKAP2,0.00280629,HLA-DQA1,-0.00654323,,,,,MT2A,0.00502011,KIF2C,-0.007466426,,,,,UIMC1,0.005103181,MSH3,-0.000854133
,,,,TRAF3IP2,0.004893248,ERI2,-0.003377687,,,,,HELQ,0.001777679,,,,,,,ZBP1,0.003150958,AQP4,-0.003263772,,,,,SMG7,0.004535633,MAPKAPK5,-0.006900274,,,,,ACTL6A,0.002688815,AIMP1,-0.006386055,,,,,CTSB,0.004768997,TNFSF13B,-0.006979061,,,,,LTB4R,0.004288547,EXOSC10,-0.000591349
,,,,DNMT1,0.004879448,ASH2L,-0.002868634,,,,,RPA2,0.001447228,,,,,,,GNL3L,0.002669997,RELT,-0.002799946,,,,,CCNE1,0.00453004,SLC30A9,-0.006518034,,,,,GATAD2A,0.002650365,TIRAP,-0.005920376,,,,,IRF1,0.004550874,VPRBP,-0.006940187,,,,,TRIM13,0.003513593,AP1S1,-0.000547033
,,,,DYNC1H1,0.004671755,IGBP1,-0.0028006,,,,,ATF7IP,0.001293162,,,,,,,CHRAC1,0.002528914,DNM2,-0.002667681,,,,,CCT7,0.004199557,SEC13,-0.006489717,,,,,WDR18,0.002631083,BMPR2,-0.005812855,,,,,CTSH,0.004394735,CTNNB1,-0.006820061,,,,,IRF8,0.003354493,FANCL,-0.000491971
,,,,GLRX5,0.004553688,CD3G,-0.002773999,,,,,PAK2,0.000766172,,,,,,,MCM6,0.00173391,STXBP2,-0.002577065,,,,,UIMC1,0.004192069,NEIL3,-0.006453559,,,,,PSME2,0.002276041,DOCK8,-0.005707379,,,,,TBK1,0.004231711,IFIT2,-0.006498098,,,,,NOP10,0.002716113,,
,,,,VCP,0.004489688,TRPM4,-0.002407359,,,,,BCL6,0.000573957,,,,,,,RFWD3,0.001525402,MAP3K5,-0.002006728,,,,,FLVCR1,0.003926108,NPLOC4,-0.006440387,,,,,ATR,0.002258333,FLCN,-0.005341562,,,,,TNFRSF1A,0.004224101,DCLRE1A,-0.00648172,,,,,BCAP31,0.002615026,,
,,,,ACE,0.004265633,TOP1,-0.002266512,,,,,PTTG1,0.000568917,,,,,,,POLR2D,0.001447544,ATP6V0A2,-0.001803452,,,,,SEC23A,0.003737082,ZRANB3,-0.006425121,,,,,PIAS4,0.002181044,C6orf57,-0.005328949,,,,,CREBBP,0.003945189,MUS81,-0.006391237,,,,,SEC13,0.002552041,,
,,,,SIX4,0.004083345,NUCKS1,-0.001890901,,,,,SHMT2,0.000509489,,,,,,,PARN,0.001279283,CCR5,-0.001685981,,,,,PSMB1,0.003250428,GNL3,-0.006419471,,,,,ATG12,0.002044982,XRCC6,-0.005276418,,,,,ESAM,0.003875861,ILF2,-0.006362275,,,,,MSH4,0.001844485,,
,,,,NCK2,0.00390523,TNFSF13,-0.001702571,,,,,LGMN,0.000325575,,,,,,,PSMD2,0.001174069,IL27RA,-0.001246641,,,,,RCHY1,0.003165768,CD5,-0.006373338,,,,,UBE2N,0.002034805,RNF19B,-0.005174133,,,,,TAZ,0.003853317,LIG4,-0.006043644,,,,,ANKRD17,0.001671681,,
,,,,TATDN2,0.00372882,WIPF2,-0.001539746,,,,,,,,,,,,,CCR8,0.001098818,IFNGR1,-0.000836043,,,,,AP2S1,0.002801558,HLA-DPB1,-0.006059838,,,,,SLAMF6,0.001773543,LCP1,-0.005056996,,,,,MPHOSPH8,0.003786704,IMPDH2,-0.005891126,,,,,MAP2K1,0.001366429,,
,,,,LMO4,0.003332467,LRRC33,-0.001507901,,,,,,,,,,,,,CDK2,0.000614037,STXBP3,-0.000497475,,,,,IKBKB,0.002593798,CHRAC1,-0.005887335,,,,,ITCH,0.001762935,FCGR2A,-0.00502201,,,,,YES1,0.003755169,NCKIPSD,-0.005825427,,,,,HCK,0.001178905,,
,,,,PPP1R10,0.002897151,LY9,-0.001238824,,,,,,,,,,,,,FLI1,0.000548952,MCM9,-0.000291253,,,,,LYST,0.002570233,IRAK4,-0.005833128,,,,,SLC11A2,0.001645264,APTX,-0.004816332,,,,,JMJD6,0.00372703,ERCC3,-0.005774861,,,,,TRIM32,0.001093764,,
,,,,NPLOC4,0.002692932,ARRB2,-0.000849845,,,,,,,,,,,,,ACTB,0.000503577,,,,,,,STOML2,0.002474943,GLG1,-0.005759359,,,,,UNC93B1,0.001595358,EML1,-0.004505091,,,,,RRAS,0.00362346,ITGAV,-0.005764076,,,,,RAD21,0.000901765,,
,,,,CRTC3,0.002671493,TCEA1,-0.000786903,,,,,,,,,,,,,HLA-E,0.000383064,,,,,,,LNPEP,0.002412185,GPR65,-0.005541399,,,,,GRHL2,0.001405082,DOCK1,-0.004426517,,,,,RACGAP1,0.003451478,WDR7,-0.005721221,,,,,BVES,0.000852145,,
,,,,CD209,0.002632691,TDP1,-0.000782159,,,,,,,,,,,,,1-Mar,3.66E-05,,,,,,,VPS33B,0.002211952,ZBTB1,-0.005483895,,,,,THAP10,0.001337963,MAEA,-0.004418601,,,,,CSK,0.003408662,TCP1,-0.005525644,,,,,MT2A,0.000665704,,
,,,,VPS33B,0.002576962,RAD50,-0.000705177,,,,,,,,,,,,,,,,,,,,,TRIM11,0.00212812,SEC14L1,-0.005477048,,,,,DTX3L,0.001323369,HMGB2,-0.004101292,,,,,BANF1,0.003363935,GAPDH,-0.005519389,,,,,CD84,0.000400945,,
,,,,SEMA4D,0.002155352,TLR4,-0.000606703,,,,,,,,,,,,,,,,,,,,,RIF1,0.002092897,PTK2,-0.005457791,,,,,CCT8,0.001304745,BATF3,-0.004055559,,,,,CDC42,0.003077748,P2RY14,-0.00545011,,,,,CCT4,0.000357924,,
,,,,RBM17,0.002089458,INO80E,-0.000604962,,,,,,,,,,,,,,,,,,,,,CD46,0.002019042,POLR3B,-0.005343713,,,,,POLR3A,0.001300432,LGMN,-0.00364534,,,,,DDOST,0.003047438,TAP1,-0.005387328,,,,,TOP3B,0.000255901,,
,,,,TOP2B,0.002018291,IFNGR1,-0.000164496,,,,,,,,,,,,,,,,,,,,,OSTM1,0.001907714,CD58,-0.005305804,,,,,ARIH2,0.001252491,MTA2,-0.003643447,,,,,IRF3,0.002950041,TRIM26,-0.00538516,,,,,,,,
,,,,DHTKD1,0.001577098,,,,,,,,,,,,,,,,,,,,,,,NOTCH1,0.001619877,HSP90AA1,-0.004975396,,,,,TNFRSF10B,0.001210237,FOXP1,-0.003541031,,,,,BAZ2A,0.002860988,ZFYVE26,-0.005286582,,,,,,,,
,,,,TAP1,0.001461473,,,,,,,,,,,,,,,,,,,,,,,C19orf29,0.001323001,RRM2B,-0.004964715,,,,,NCSTN,0.001189651,HLA-B,-0.003537994,,,,,INPPL1,0.002765665,HDAC8,-0.005248351,,,,,,,,
,,,,CTSH,0.001269291,,,,,,,,,,,,,,,,,,,,,,,ACTR5,0.001157861,RBCK1,-0.004906383,,,,,KIAA0226,0.001162915,IRF2,-0.003412048,,,,,PSMA7,0.002436222,CDK7,-0.005234032,,,,,,,,
,,,,MUTYH,0.001229261,,,,,,,,,,,,,,,,,,,,,,,ARHGEF7,0.000957918,REST,-0.004872101,,,,,FANCM,0.000973318,ANXA2,-0.003055398,,,,,COPS8,0.002381451,ATP6V0A2,-0.005160337,,,,,,,,
,,,,KIF23,0.001076449,,,,,,,,,,,,,,,,,,,,,,,ARPC1A,0.000919966,CTNNB1,-0.004805254,,,,,NUDCD1,0.000842814,IRF1,-0.002939471,,,,,ARPC1A,0.002315504,N6AMT1,-0.004829981,,,,,,,,
,,,,SEMA7A,0.000923551,,,,,,,,,,,,,,,,,,,,,,,EXOSC10,0.000913718,EXOSC9,-0.004789395,,,,,KIFAP3,0.000657417,IL4R,-0.002939378,,,,,DCTN3,0.002294377,RPA1,-0.004801052,,,,,,,,
,,,,CXCL9,0.000890466,,,,,,,,,,,,,,,,,,,,,,,USP9X,0.000900501,WDR7,-0.004709012,,,,,ABCF3,0.000633515,XAF1,-0.002764358,,,,,SEC61A1,0.002292997,SAMHD1,-0.004765857,,,,,,,,
,,,,DFFA,0.000632979,,,,,,,,,,,,,,,,,,,,,,,NCF2,0.000842654,PI4K2A,-0.004689014,,,,,GTF2H2C,0.000580231,ATP11C,-0.002726848,,,,,DYNC1I2,0.00224252,OSTM1,-0.004760179,,,,,,,,
,,,,SMAD3,0.000402783,,,,,,,,,,,,,,,,,,,,,,,AP1G1,0.000774195,RAN,-0.004577429,,,,,PSMD7,0.000427307,TNFAIP3,-0.002699567,,,,,SEMA7A,0.002148689,IRAK2,-0.004662273,,,,,,,,
,,,,GCNT1,2.07E-05,,,,,,,,,,,,,,,,,,,,,,,TROVE2,0.000729801,C1R,-0.004377237,,,,,CDK9,0.000380224,TAPBP,-0.002401091,,,,,SIN3A,0.002148603,MYO10,-0.004534069,,,,,,,,
,,,,,,,,,,,,,,,,,,,,,,,,,,,,COPS8,0.000694088,SMARCB1,-0.004239359,,,,,,,GRB2,-0.001735316,,,,,PSMA4,0.002032469,SAR1B,-0.004364485,,,,,,,,
,,,,,,,,,,,,,,,,,,,,,,,,,,,,DAB2IP,0.000593134,HNRNPD,-0.004218782,,,,,,,REXO4,-0.001448136,,,,,ATAD5,0.001984329,TRIM27,-0.004211296,,,,,,,,
,,,,,,,,,,,,,,,,,,,,,,,,,,,,RUVBL1,0.000484673,SAA1,-0.00393096,,,,,,,FOXJ1,-0.001416227,,,,,RECQL,0.001826307,C1QB,-0.004149615,,,,,,,,
,,,,,,,,,,,,,,,,,,,,,,,,,,,,HIST1H2BK,0.000417801,NCKIPSD,-0.003838632,,,,,,,RFTN1,-0.00122586,,,,,AKAP8,0.00181295,LIMK1,-0.004054795,,,,,,,,
,,,,,,,,,,,,,,,,,,,,,,,,,,,,PSMC2,0.000155845,CALR,-0.003795752,,,,,,,AIF1,-0.00111151,,,,,EXOSC10,0.001702306,AIFM1,-0.003854697,,,,,,,,
,,,,,,,,,,,,,,,,,,,,,,,,,,,,LY86,0.000128695,DAPK3,-0.003791535,,,,,,,RPL13A,-0.000999817,,,,,LCK,0.001681019,ITGAX,-0.003727502,,,,,,,,
,,,,,,,,,,,,,,,,,,,,,,,,,,,,CD34,0.000120186,COPS4,-0.003756338,,,,,,,TRIM32,-0.000824649,,,,,RFX1,0.001390043,RIPK1,-0.003700141,,,,,,,,
,,,,,,,,,,,,,,,,,,,,,,,,,,,,,,LGALS1,-0.003720382,,,,,,,AGBL5,-0.000785594,,,,,FBXW11,0.00131586,ERCC6,-0.00365088,,,,,,,,
,,,,,,,,,,,,,,,,,,,,,,,,,,,,,,USP7,-0.003641048,,,,,,,MYO1G,-0.000759677,,,,,BCAR1,0.001214548,TRIM56,-0.003599307,,,,,,,,
,,,,,,,,,,,,,,,,,,,,,,,,,,,,,,SHMT2,-0.003538316,,,,,,,IL2RG,-0.00059502,,,,,ITGA5,0.001207647,AKT1,-0.003465558,,,,,,,,
,,,,,,,,,,,,,,,,,,,,,,,,,,,,,,MLH1,-0.003269999,,,,,,,NFKB1,-0.000584372,,,,,ANKRD17,0.001192611,XRCC3,-0.003433947,,,,,,,,
,,,,,,,,,,,,,,,,,,,,,,,,,,,,,,TMEM91,-0.003118982,,,,,,,CD58,-0.000316335,,,,,CRCP,0.001041815,PSME3,-0.003409188,,,,,,,,
,,,,,,,,,,,,,,,,,,,,,,,,,,,,,,PSME4,-0.003054598,,,,,,,,,,,,,PSMD12,0.000976295,ASF1A,-0.003222695,,,,,,,,
,,,,,,,,,,,,,,,,,,,,,,,,,,,,,,SIRPB1,-0.002925103,,,,,,,,,,,,,SH2B3,0.000959683,DDX41,-0.003169532,,,,,,,,
,,,,,,,,,,,,,,,,,,,,,,,,,,,,,,CRCP,-0.002888633,,,,,,,,,,,,,PLCG2,0.000880536,PIK3C3,-0.003148923,,,,,,,,
,,,,,,,,,,,,,,,,,,,,,,,,,,,,,,PSMB5,-0.002749137,,,,,,,,,,,,,CCNB2,0.000831015,COPS4,-0.003123772,,,,,,,,
,,,,,,,,,,,,,,,,,,,,,,,,,,,,,,VIPR1,-0.002705058,,,,,,,,,,,,,FANCI,0.000725446,KLRK1,-0.003082642,,,,,,,,
,,,,,,,,,,,,,,,,,,,,,,,,,,,,,,IL2RB,-0.002649639,,,,,,,,,,,,,MAP2K1,0.000657694,WDHD1,-0.002886786,,,,,,,,
,,,,,,,,,,,,,,,,,,,,,,,,,,,,,,LIMK1,-0.002640407,,,,,,,,,,,,,OTUB1,0.000626872,IP6K2,-0.002882116,,,,,,,,
,,,,,,,,,,,,,,,,,,,,,,,,,,,,,,PLEKHA1,-0.002529303,,,,,,,,,,,,,HIST1H2BJ,0.000461617,TRIM8,-0.002871399,,,,,,,,
,,,,,,,,,,,,,,,,,,,,,,,,,,,,,,UBC,-0.002515654,,,,,,,,,,,,,CFI,0.000373539,PARP9,-0.002774636,,,,,,,,
,,,,,,,,,,,,,,,,,,,,,,,,,,,,,,TRAF6,-0.002467122,,,,,,,,,,,,,TNFAIP1,0.00036889,TRAF6,-0.002750307,,,,,,,,
,,,,,,,,,,,,,,,,,,,,,,,,,,,,,,RNF168,-0.002393759,,,,,,,,,,,,,POLA1,0.00033771,C1QBP,-0.002726238,,,,,,,,
,,,,,,,,,,,,,,,,,,,,,,,,,,,,,,ALKBH2,-0.002352016,,,,,,,,,,,,,TPD52,0.000175565,SSRP1,-0.00271676,,,,,,,,
,,,,,,,,,,,,,,,,,,,,,,,,,,,,,,IFNGR1,-0.002278318,,,,,,,,,,,,,RAC1,4.25E-05,PSMD5,-0.002606144,,,,,,,,
,,,,,,,,,,,,,,,,,,,,,,,,,,,,,,RAB5B,-0.002222697,,,,,,,,,,,,,CD40,2.27E-05,PRMT5,-0.002595292,,,,,,,,
,,,,,,,,,,,,,,,,,,,,,,,,,,,,,,ABCF3,-0.002206618,,,,,,,,,,,,,UPF1,2.08E-05,ABL2,-0.00251318,,,,,,,,
,,,,,,,,,,,,,,,,,,,,,,,,,,,,,,SEC24D,-0.002173409,,,,,,,,,,,,,IRF9,1.37E-05,POLR2L,-0.002395057,,,,,,,,
,,,,,,,,,,,,,,,,,,,,,,,,,,,,,,AKT1,-0.00189494,,,,,,,,,,,,,,,SLC11A2,-0.002281126,,,,,,,,
,,,,,,,,,,,,,,,,,,,,,,,,,,,,,,APEX1,-0.001876372,,,,,,,,,,,,,,,GNL1,-0.002240944,,,,,,,,
,,,,,,,,,,,,,,,,,,,,,,,,,,,,,,AP1S1,-0.001811321,,,,,,,,,,,,,,,RFWD3,-0.002196873,,,,,,,,
,,,,,,,,,,,,,,,,,,,,,,,,,,,,,,LRP5,-0.001763032,,,,,,,,,,,,,,,POLR3B,-0.002047673,,,,,,,,
,,,,,,,,,,,,,,,,,,,,,,,,,,,,,,TRAF3,-0.001748285,,,,,,,,,,,,,,,ILF3,-0.00191794,,,,,,,,
,,,,,,,,,,,,,,,,,,,,,,,,,,,,,,LRRC8A,-0.001746369,,,,,,,,,,,,,,,PMS1,-0.001894103,,,,,,,,
,,,,,,,,,,,,,,,,,,,,,,,,,,,,,,HSF1,-0.00167871,,,,,,,,,,,,,,,AP1S1,-0.001881053,,,,,,,,
,,,,,,,,,,,,,,,,,,,,,,,,,,,,,,PALB2,-0.001622882,,,,,,,,,,,,,,,PBX1,-0.001857227,,,,,,,,
,,,,,,,,,,,,,,,,,,,,,,,,,,,,,,HERC2,-0.001532353,,,,,,,,,,,,,,,ERI2,-0.001751296,,,,,,,,
,,,,,,,,,,,,,,,,,,,,,,,,,,,,,,DDX3X,-0.001527955,,,,,,,,,,,,,,,KPNB1,-0.001728821,,,,,,,,
,,,,,,,,,,,,,,,,,,,,,,,,,,,,,,HMBOX1,-0.001497508,,,,,,,,,,,,,,,HUWE1,-0.00151135,,,,,,,,
,,,,,,,,,,,,,,,,,,,,,,,,,,,,,,DCTN1,-0.001250455,,,,,,,,,,,,,,,RPL13A,-0.00149746,,,,,,,,
,,,,,,,,,,,,,,,,,,,,,,,,,,,,,,POLR3D,-0.001206388,,,,,,,,,,,,,,,AEN,-0.001475941,,,,,,,,
,,,,,,,,,,,,,,,,,,,,,,,,,,,,,,P2RX7,-0.00114226,,,,,,,,,,,,,,,STK11,-0.001447026,,,,,,,,
,,,,,,,,,,,,,,,,,,,,,,,,,,,,,,IL21R,-0.001125387,,,,,,,,,,,,,,,MAPKAPK5,-0.001353758,,,,,,,,
,,,,,,,,,,,,,,,,,,,,,,,,,,,,,,KPNB1,-0.001111765,,,,,,,,,,,,,,,PTPN11,-0.001349531,,,,,,,,
,,,,,,,,,,,,,,,,,,,,,,,,,,,,,,TOP2B,-0.001102826,,,,,,,,,,,,,,,IFI16,-0.001064104,,,,,,,,
,,,,,,,,,,,,,,,,,,,,,,,,,,,,,,PRKD2,-0.00109826,,,,,,,,,,,,,,,UBE2N,-0.001039144,,,,,,,,
,,,,,,,,,,,,,,,,,,,,,,,,,,,,,,RBBP8,-0.001082509,,,,,,,,,,,,,,,PSMA3,-0.000979603,,,,,,,,
,,,,,,,,,,,,,,,,,,,,,,,,,,,,,,SEMA7A,-0.001050142,,,,,,,,,,,,,,,USP45,-0.000955683,,,,,,,,
,,,,,,,,,,,,,,,,,,,,,,,,,,,,,,STUB1,-0.000997152,,,,,,,,,,,,,,,CINP,-0.000944085,,,,,,,,
,,,,,,,,,,,,,,,,,,,,,,,,,,,,,,FLI1,-0.000978374,,,,,,,,,,,,,,,TLR7,-0.000749376,,,,,,,,
,,,,,,,,,,,,,,,,,,,,,,,,,,,,,,DHX36,-0.000929354,,,,,,,,,,,,,,,ABCC9,-0.000723741,,,,,,,,
,,,,,,,,,,,,,,,,,,,,,,,,,,,,,,TAP2,-0.000787439,,,,,,,,,,,,,,,SNX27,-0.000683636,,,,,,,,
,,,,,,,,,,,,,,,,,,,,,,,,,,,,,,C12orf29,-0.000717132,,,,,,,,,,,,,,,CLTA,-0.000563971,,,,,,,,
,,,,,,,,,,,,,,,,,,,,,,,,,,,,,,TDP1,-0.000709786,,,,,,,,,,,,,,,DMAP1,-0.000543208,,,,,,,,
,,,,,,,,,,,,,,,,,,,,,,,,,,,,,,DSCC1,-0.000698281,,,,,,,,,,,,,,,STAT2,-0.000479282,,,,,,,,
,,,,,,,,,,,,,,,,,,,,,,,,,,,,,,GPER,-0.000627811,,,,,,,,,,,,,,,HNRNPK,-0.000467916,,,,,,,,
,,,,,,,,,,,,,,,,,,,,,,,,,,,,,,PGM3,-0.00061796,,,,,,,,,,,,,,,WDR70,-0.000336781,,,,,,,,
,,,,,,,,,,,,,,,,,,,,,,,,,,,,,,NUDT16L1,-0.000580692,,,,,,,,,,,,,,,COPS2,-0.000311038,,,,,,,,
,,,,,,,,,,,,,,,,,,,,,,,,,,,,,,PARP2,-0.000565998,,,,,,,,,,,,,,,DHTKD1,-0.000274774,,,,,,,,
,,,,,,,,,,,,,,,,,,,,,,,,,,,,,,SYNCRIP,-0.000463945,,,,,,,,,,,,,,,COPS3,-0.000271227,,,,,,,,
,,,,,,,,,,,,,,,,,,,,,,,,,,,,,,TDG,-0.000378032,,,,,,,,,,,,,,,CHD2,-0.000170807,,,,,,,,
,,,,,,,,,,,,,,,,,,,,,,,,,,,,,,BRAF,-0.00034087,,,,,,,,,,,,,,,EXOG,-8.55E-05,,,,,,,,
,,,,,,,,,,,,,,,,,,,,,,,,,,,,,,CCT5,-0.000325234,,,,,,,,,,,,,,,,,,,,,,,,
,,,,,,,,,,,,,,,,,,,,,,,,,,,,,,ACTR8,-0.000178162,,,,,,,,,,,,,,,,,,,,,,,,
,,,,,,,,,,,,,,,,,,,,,,,,,,,,,,CHUK,-0.000158617,,,,,,,,,,,,,,,,,,,,,,,,
,,,,,,,,,,,,,,,,,,,,,,,,,,,,,,TINF2,-6.68E-05,,,,,,,,,,,,,,,,,,,,,,,,
,,,,,,,,,,,,,,,,,,,,,,,,,,,,,,FLCN,-5.17E-05,,,,,,,,,,,,,,,,,,,,,,,,